{
  "project_info": {
    "project_number": "485439167403",
    "firebase_url": "https://product-verification-1.firebaseio.com",
    "project_id": "product-verification-1",
    "storage_bucket": "product-verification-1.appspot.com"
  },
  "client": [
    {
      "client_info": {
        "mobilesdk_app_id": "1:485439167403:android:f87c330c85042058",
        "android_client_info": {
          "package_name": "ng.codeinn.productverification"
        }
      },
      "oauth_client": [
        {
          "client_id": "485439167403-24tocpmdhe562060lv05ncmv136a0kge.apps.googleusercontent.com",
          "client_type": 1,
          "android_info": {
            "package_name": "ng.codeinn.productverification",
            "certificate_hash": "57c4f3672e0249072e180a848675bfd263da93c6"
          }
        },
        {
          "client_id": "485439167403-lif37ojcedusibufm4m9poqienk8tg33.apps.googleusercontent.com",
          "client_type": 3
        }
      ],
      "api_key": [
        {
          "current_key": "AIzaSyBkhOcMkNA9B6QqlXH4YHqrE75dvHGEdEg"
        }
      ],
      "services": {
        "analytics_service": {
          "status": 1
        },
        "appinvite_service": {
          "status": 2,
          "other_platform_oauth_client": [
            {
              "client_id": "485439167403-lif37ojcedusibufm4m9poqienk8tg33.apps.googleusercontent.com",
              "client_type": 3
            }
          ]
        },
        "ads_service": {
          "status": 2
        }
      }
    }
  ],
  "configuration_version": "1"
}